New ward code,Ward,Borough,Incapacity Benefit rate - 2009,Unemployment rate 2009,Crime rate - 2009,Life Expectancy 2005-2009
E09000001,City of London,City of London,3.333333333,2.999195221,1.83891674,84.32935639
E05000026,Abbey,Barking and Dagenham,4.586610272,8.325803032,18.07215637,82.0761118
E05000027,Alibon,Barking and Dagenham,7.033560918,9.857753514,12.51686176,77.82839246
E05000028,Becontree,Barking and Dagenham,6.73464269,9.405172982,14.90225367,78.4306831
E05000029,Chadwell Heath,Barking and Dagenham,6.675432039,8.56737877,13.54340802,79.8878411
E05000030,Eastbrook,Barking and Dagenham,4.840605603,7.0361706,9.370254164,77.4885057
E05000031,Eastbury,Barking and Dagenham,6.956982801,7.934379331,12.57641502,80.52463456
E05000032,Gascoigne,Barking and Dagenham,8.336872097,12.15551578,11.85935221,77.76376184
E05000033,Goresbrook,Barking and Dagenham,7.217759515,8.659292844,12.44816056,78.54099809
E05000034,Heath,Barking and Dagenham,7.66298085,11.5776649,9.606602896,77.3690863
E05000035,Longbridge,Barking and Dagenham,3.540143072,4.554205611,9.643122628,80.62045202
E05000036,Mayesbrook,Barking and Dagenham,7.80395527,9.381029159,13.48023205,76.85658397
E05000037,Parsloes,Barking and Dagenham,8.212995168,7.994733834,11.2427019,77.83967915
E05000038,River,Barking and Dagenham,6.139226275,8.026831991,8.197060967,75.78952708
E05000039,Thames,Barking and Dagenham,6.480378292,10.92912135,11.54147281,79.67368944
E05000040,Valence,Barking and Dagenham,7.95569466,9.702121287,9.853966053,75.40842372
E05000041,Village,Barking and Dagenham,7.151817869,10.37818251,16.82229797,77.87217885
E05000042,Whalebone,Barking and Dagenham,4.285053415,5.454554449,12.5352981,81.14055281
E05000043,Brunswick Park,Barnet,4.11006974,4.18849404,6.584364347,82.50566794
E05000044,Burnt Oak,Barnet,6.517485247,7.364566602,9.246920593,79.48848509
E05000045,Childs Hill,Barnet,3.525529417,4.288249069,12.55505008,79.19153103
E05000046,Colindale,Barnet,5.754362771,6.261932454,5.986484255,80.52623897
E05000047,Coppetts,Barnet,4.739552092,4.9734634,10.87768135,79.42321932
E05000048,East Barnet,Barnet,4.119702825,4.783374382,8.118936528,82.93231843
E05000049,East Finchley,Barnet,4.693805973,4.455924993,7.991096874,82.17668643
E05000050,Edgware,Barnet,4.304199441,4.423352238,9.308372951,82.59813717
E05000051,Finchley Church End,Barnet,2.397490461,3.53596506,6.309066828,85.42211332
E05000052,Garden Suburb,Barnet,1.348600574,2.307459512,7.657960051,84.94591337
E05000053,Golders Green,Barnet,3.84502086,4.136446205,7.593649188,81.76325966
E05000054,Hale,Barnet,4.363574789,4.896641733,7.327982018,82.41132555
E05000055,Hendon,Barnet,4.091148802,4.769813093,8.426887753,82.49656221
E05000056,High Barnet,Barnet,3.728033575,3.291500919,7.957659999,80.49782598
E05000057,Mill Hill,Barnet,3.44754978,3.894320914,7.302670958,83.96200727
E05000058,Oakleigh,Barnet,3.670127506,3.62964894,6.516909531,81.78037711
E05000059,Totteridge,Barnet,2.513554272,2.874727683,5.644518724,82.59846519
E05000060,Underhill,Barnet,5.903841908,5.420076602,7.749390654,81.52830842
E05000061,West Finchley,Barnet,3.374773913,4.068389396,7.092793045,81.04507316
E05000062,West Hendon,Barnet,4.635354096,5.744513307,13.32589404,81.4769182
E05000063,Woodhouse,Barnet,4.689216044,4.509222093,9.787090593,80.51892326
E05000064,Barnehurst,Bexley,3.494982856,3.799299489,6.917550637,83.03213436
E05000065,Belvedere,Bexley,5.264918232,5.86877004,10.84888853,81.6366401
E05000066,Blackfen and Lamorbey,Bexley,3.06309578,3.796790951,6.016870721,84.8094193
E05000067,Blendon and Penhill,Bexley,2.641921704,2.88008917,6.628414574,84.00538476
E05000068,Brampton,Bexley,3.217358713,3.358410516,6.204890963,82.63437547
E05000069,Christchurch,Bexley,3.534808617,4.276503299,10.55995755,80.16715819
E05000070,Colyers,Bexley,5.836932251,6.381036221,10.40392564,80.89310769
E05000071,Crayford,Bexley,4.973056296,6.593001216,6.307715204,81.2404067
E05000072,Cray Meadows,Bexley,5.634905312,4.533830759,5.419176939,80.79085536
E05000073,Danson Park,Bexley,3.263322738,4.557370161,7.242110132,82.48840558
E05000074,East Wickham,Bexley,4.1087706,4.854364292,8.315437284,81.0451792
E05000075,Erith,Bexley,5.837202949,6.242236125,10.33538563,79.60346162
E05000076,Falconwood and Welling,Bexley,2.509603456,3.692775604,7.892859404,81.22681005
E05000077,Lesnes Abbey,Bexley,4.536343547,5.399491548,9.429453995,81.51702627
E05000078,Longlands,Bexley,3.208982793,2.96624049,4.869566265,80.8529147
E05000079,North End,Bexley,7.29965216,7.818859132,11.9871936,78.15132797
E05000080,Northumberland Heath,Bexley,4.263546143,3.972895879,9.256995465,81.30509817
E05000081,St Mary's,Bexley,2.814092557,2.503427949,5.900210196,82.59555977
E05000082,St Michael's,Bexley,3.520114231,4.069338753,5.870702486,81.7178819
E05000083,Sidcup,Bexley,2.241423334,3.581062041,5.879237889,79.62603649
E05000084,Thamesmead East,Bexley,5.475561678,7.369742207,9.099262488,77.57665075
E05000085,Alperton,Brent,4.258534373,4.10712417,8.374216886,80.16477429
E05000086,Barnhill,Brent,5.658564595,6.325847647,9.40462696,79.50700951
E05000087,Brondesbury Park,Brent,4.838728128,5.383484757,10.2167377,82.00836477
E05000088,Dollis Hill,Brent,5.472924135,6.521089959,7.15706921,82.23201516
E05000089,Dudden Hill,Brent,5.061118708,6.856789307,12.87195032,82.24303916
E05000090,Fryent,Brent,4.309084798,5.308482074,8.121071524,83.3983197
E05000091,Harlesden,Brent,7.707924029,14.49015966,14.63531505,78.79245452
E05000092,Kensal Green,Brent,6.153611427,10.81203523,12.60160245,81.45250714
E05000093,Kenton,Brent,3.12734043,2.968119352,7.978087513,84.33970142
E05000094,Kilburn,Brent,7.198736855,11.75308604,14.15946698,79.11646893
E05000095,Mapesbury,Brent,5.064863277,6.456597758,11.52922408,80.89613009
E05000096,Northwick Park,Brent,3.214323039,3.691176104,6.120595982,80.74349814
E05000097,Preston,Brent,3.944056658,5.06194442,8.433546985,82.37553573
E05000098,Queens Park,Brent,4.763539088,6.703230841,12.55748482,81.53426492
E05000099,Queensbury,Brent,3.96439886,4.714055362,10.01462831,83.49275799
E05000100,Stonebridge,Brent,8.431408977,12.46940009,9.293584165,79.44172294
E05000101,Sudbury,Brent,4.888169017,5.179295713,8.731318193,81.57248626
E05000102,Tokyngton,Brent,3.667896442,5.527217892,9.0653763,80.88050873
E05000103,Welsh Harp,Brent,5.275345934,6.740403299,9.64421359,82.19792308
E05000104,Wembley Central,Brent,5.00695272,6.312574149,13.91248147,80.09837107
E05000105,Willesden Green,Brent,5.855555677,6.809949338,12.88301207,77.99204415
E05000106,Bickley,Bromley,2.798809806,2.783667744,6.331547145,80.28592965
E05000107,Biggin Hill,Bromley,2.437604557,2.97536473,8.142508967,83.87083821
E05000108,Bromley Common and Keston,Bromley,4.166989732,4.464422226,6.930925182,82.9520856
E05000109,Bromley Town,Bromley,3.288173805,4.020912505,10.23840373,80.72375003
E05000110,Chelsfield and Pratts Bottom,Bromley,2.394675937,2.689078327,5.213358612,84.06826571
E05000111,Chislehurst,Bromley,2.108673611,3.075898235,8.575670867,82.06973873
E05000112,Clock House,Bromley,3.551028156,4.216379979,8.543492298,81.35004245
E05000113,Copers Cope,Bromley,2.823771576,3.11825304,9.978369147,80.81811945
E05000114,Cray Valley East,Bromley,5.877961525,5.866538263,12.95927477,79.76290253
E05000115,Cray Valley West,Bromley,7.222092083,7.005412849,12.65272279,79.8170315
E05000116,Crystal Palace,Bromley,7.419476962,7.933790482,16.30774402,78.28273482
E05000117,Darwin,Bromley,2.615678358,2.466671134,7.07702818,82.62147651
E05000118,Farnborough and Crofton,Bromley,2.975605769,2.30443682,4.839422874,83.7861855
E05000119,Hayes and Coney Hall,Bromley,2.304785735,3.317208707,5.564194305,83.20153531
E05000120,Kelsey and Eden Park,Bromley,3.648925864,3.173153826,7.830549277,84.54354581
E05000121,Mottingham and Chislehurst North,Bromley,7.423207923,7.178267158,14.50254113,79.31848104
E05000122,Orpington,Bromley,4.203629585,4.146297975,11.63845759,81.77047686
E05000123,Penge and Cator,Bromley,6.126823107,6.903465231,12.3454866,78.95091941
E05000124,Petts Wood and Knoll,Bromley,1.670308319,2.503843481,5.287679156,85.5781308
E05000125,Plaistow and Sundridge,Bromley,4.827420643,4.82541723,10.38215222,80.46646586
E05000126,Shortlands,Bromley,1.98559588,2.737616128,5.247033944,85.44260942
E05000127,West Wickham,Bromley,1.675954169,2.736849462,5.712206355,82.55801567
E05000128,Belsize,Camden,3.799954673,3.152213728,8.266073011,83.3407722
E05000129,Bloomsbury,Camden,4.117924933,4.901734076,6.837810201,82.1244178
E05000130,Camden Town with Primrose Hill,Camden,7.026332023,5.600413064,23.50963011,80.360549
E05000131,Cantelowes,Camden,8.350979031,6.724717115,14.0897414,80.35791841
E05000132,Fortune Green,Camden,5.503918363,4.613709659,11.08976882,80.99793313
E05000133,Frognal and Fitzjohns,Camden,2.076115349,2.099643541,6.845060701,82.45660044
E05000134,Gospel Oak,Camden,9.469834415,6.409549785,9.589630171,80.04473492
E05000135,Hampstead Town,Camden,2.816734038,1.648344073,7.414438613,84.07581212
E05000136,Haverstock,Camden,8.882450037,7.254656389,14.3603065,80.81563239
E05000137,Highgate,Camden,6.63629257,5.161635212,10.9048512,84.11397611
E05000138,Holborn and Covent Garden,Camden,7.75831427,5.753824701,5.517458504,81.03980344
E05000139,Kentish Town,Camden,7.652813148,6.522934659,10.35575738,76.17120723
E05000140,Kilburn,Camden,9.53419886,8.603431936,15.29891835,76.47909218
E05000141,King's Cross,Camden,6.115030251,7.134526223,7.760226711,79.93902556
E05000142,Regent's Park,Camden,7.894494472,7.133115676,6.901017243,78.77945203
E05000143,St Pancras and Somers Town,Camden,10.17259676,9.704842025,6.144727497,77.78256844
E05000144,Swiss Cottage,Camden,4.265338656,3.016620754,11.86040892,82.74982958
E05000145,West Hampstead,Camden,5.922379989,3.987521867,12.45877337,82.27965525
E05000146,Addiscombe,Croydon,4.48888831,4.529530119,9.29402112,79.5700008
E05000147,Ashburton,Croydon,4.796577384,5.556921286,9.474615845,80.32049502
E05000148,Bensham Manor,Croydon,4.764022215,6.530688032,11.50831798,81.99171454
E05000149,Broad Green,Croydon,5.744438197,6.153325458,15.27862386,79.89153959
E05000150,Coulsdon East,Croydon,3.247901818,3.880384024,5.778920988,83.28205428
E05000151,Coulsdon West,Croydon,3.400979072,3.244498477,6.65522897,81.16266132
E05000152,Croham,Croydon,3.537903383,3.778824212,9.599456643,81.07055829
E05000153,Fairfield,Croydon,4.202016919,4.205579588,13.89392276,80.03429287
E05000154,Fieldway,Croydon,7.459972302,9.511826398,11.49826771,77.77033673
E05000155,Heathfield,Croydon,3.476508539,3.779820806,12.24956399,83.47395029
E05000156,Kenley,Croydon,3.433356223,3.77403042,6.853671647,79.3285497
E05000157,New Addington,Croydon,6.950475426,7.176203469,11.61439767,77.97080183
E05000158,Norbury,Croydon,3.540048677,5.901214,9.29532943,81.24226818
E05000159,Purley,Croydon,3.994048291,3.299379666,8.333055525,81.38543177
E05000160,Sanderstead,Croydon,2.612006584,3.038919914,5.538439726,83.34344402
E05000161,Selhurst,Croydon,6.541876498,7.931761476,12.48870473,77.48942508
E05000162,Selsdon and Ballards,Croydon,2.082569059,2.489781663,4.396484592,84.57535937
E05000163,Shirley,Croydon,3.525463348,4.548248224,7.100075027,83.85861264
E05000164,South Norwood,Croydon,6.088060651,7.720744314,11.88022223,79.54493268
E05000165,Thornton Heath,Croydon,5.599840848,8.621396714,13.62399565,78.86659928
E05000166,Upper Norwood,Croydon,4.90910179,6.780806628,10.91104558,79.53163613
E05000167,Waddon,Croydon,5.595739987,5.961865704,8.953134865,77.79834729
E05000168,West Thornton,Croydon,5.560796285,6.837985648,11.44713156,79.14315141
E05000169,Woodside,Croydon,5.48133874,6.851265689,12.58062403,78.608162
E05000170,Acton Central,Ealing,6.136835182,6.252567386,13.16341798,82.55528607
E05000171,Cleveland,Ealing,4.927879271,5.361541229,9.554659666,80.72541934
E05000172,Dormers Wells,Ealing,6.636378317,7.952440264,11.45635273,79.12973067
E05000173,Ealing Broadway,Ealing,3.266069739,3.04588259,13.06399335,81.8176562
E05000174,Ealing Common,Ealing,3.947879028,4.972736026,10.32969988,80.7927403
E05000175,East Acton,Ealing,5.127507684,5.814992767,8.642655204,81.30377001
E05000176,Elthorne,Ealing,5.800366198,5.458059653,12.14915694,79.92876546
E05000177,Greenford Broadway,Ealing,5.558079061,7.54457121,12.85825185,79.55202317
E05000178,Greenford Green,Ealing,3.888417136,5.238460563,9.448703718,80.39357102
E05000179,Hanger Hill,Ealing,2.362750363,3.192777023,7.257239421,83.70300865
E05000180,Hobbayne,Ealing,5.019944394,5.704093817,8.678070712,80.41017922
E05000181,Lady Margaret,Ealing,4.697060165,6.755549759,8.503758381,80.04057993
E05000182,Northfield,Ealing,2.262502497,2.56430515,7.255713744,82.1159918
E05000183,North Greenford,Ealing,3.534643321,4.505231405,8.476243808,83.25955049
E05000184,Northolt Mandeville,Ealing,5.184240278,6.899463985,11.7166064,81.4779231
E05000185,Northolt West End,Ealing,6.808495248,9.720106271,13.5741051,79.76230423
E05000186,Norwood Green,Ealing,9.671770365,9.01942571,10.01140625,78.37308922
E05000187,Perivale,Ealing,3.843938137,5.118472346,7.381267148,82.16886545
E05000188,South Acton,Ealing,6.61819544,7.2838807,11.71654043,78.40832948
E05000189,Southall Broadway,Ealing,6.773123888,8.88906435,15.72114368,78.63763049
E05000190,Southall Green,Ealing,5.876597185,10.31794541,12.41055226,79.51709191
E05000191,Southfield,Ealing,3.053184155,3.539288342,9.386774728,82.44499477
E05000192,Walpole,Ealing,3.129592478,3.344706079,11.26387942,80.65491241
E05000193,Bowes,Enfield,4.486012578,7.223950187,10.06484733,81.29392275
E05000194,Bush Hill Park,Enfield,3.777748648,3.768398257,7.639154309,82.43993231
E05000195,Chase,Enfield,5.532761122,5.873231973,8.213098754,79.09487403
E05000196,Cockfosters,Enfield,3.933747242,4.306525028,5.559540734,83.14344389
E05000197,Edmonton Green,Enfield,8.391707219,12.70971665,11.78075893,77.56492923
E05000198,Enfield Highway,Enfield,6.403986697,7.876259079,7.667936372,81.8967514
E05000199,Enfield Lock,Enfield,5.828070143,8.835772954,8.118210668,79.28421903
E05000200,Grange,Enfield,2.562111445,3.387537022,8.95035544,84.41497994
E05000201,Haselbury,Enfield,6.685370573,8.689763784,9.274240234,81.34200309
E05000202,Highlands,Enfield,4.785982366,3.788058067,4.589960496,84.04734665
E05000203,Jubilee,Enfield,6.256063622,7.96775131,8.352529965,79.20516956
E05000204,Lower Edmonton,Enfield,7.126587953,8.743645644,8.918516556,79.46186901
E05000205,Palmers Green,Enfield,4.309044277,6.330074468,10.13163569,81.76882751
E05000206,Ponders End,Enfield,6.631340491,11.37169837,8.318739705,80.03346453
E05000207,Southbury,Enfield,5.973710407,6.729075086,9.104221777,79.50601969
E05000208,Southgate,Enfield,3.35726236,4.403703168,5.578931924,81.6187717
E05000209,Southgate Green,Enfield,4.226615767,4.96927884,8.319928878,81.02933915
E05000210,Town,Enfield,3.231806733,3.776718927,6.971967013,81.70280937
E05000211,Turkey Street,Enfield,7.020742309,8.209499293,10.73771848,78.26761343
E05000212,Upper Edmonton,Enfield,6.891559354,10.03585945,11.64780444,76.55840698
E05000213,Winchmore Hill,Enfield,3.787224637,3.980328705,6.717725402,80.1790805
E05000214,Abbey Wood,Greenwich,7.875282008,7.810397368,12.64719852,77.32862617
E05000215,Blackheath Westcombe,Greenwich,4.527919083,3.888620294,13.08050177,80.53349782
E05000216,Charlton,Greenwich,6.770196663,6.680043042,10.00395338,77.24749665
E05000217,Coldharbour and New Eltham,Greenwich,5.170519729,5.943867055,7.491043478,80.40339353
E05000218,Eltham North,Greenwich,3.811751305,4.369433424,9.465379623,81.01657067
E05000219,Eltham South,Greenwich,4.337903987,5.61190681,11.44872253,80.86375527
E05000220,Eltham West,Greenwich,7.922768341,7.480028118,12.10943754,77.63762525
E05000221,Glyndon,Greenwich,6.824850166,9.976105123,10.37954391,75.49756249
E05000222,Greenwich West,Greenwich,4.20774132,5.206959567,15.12329424,79.6775174
E05000223,Kidbrooke with Hornfair,Greenwich,7.166790499,6.700668632,12.95605346,79.58151679
E05000224,Middle Park and Sutcliffe,Greenwich,7.202740331,7.296011854,11.47937236,78.76904588
E05000225,Peninsula,Greenwich,4.953796479,4.458366997,15.84958862,79.69647383
E05000226,Plumstead,Greenwich,5.552888699,9.225404947,11.31014718,78.14435037
E05000227,Shooters Hill,Greenwich,5.043321263,5.330530778,8.702693233,80.7881242
E05000228,Thamesmead Moorings,Greenwich,4.869133782,7.126412981,9.666779818,76.1598233
E05000229,Woolwich Common,Greenwich,7.850056638,11.57428362,10.61817069,76.22270422
E05000230,Woolwich Riverside,Greenwich,7.786796957,9.810695825,13.81936477,76.54508309
E05000231,Brownswood,Hackney,5.399166828,6.690279093,13.45943624,79.54976563
E05000232,Cazenove,Hackney,5.126958967,8.537458535,8.01562378,79.86058743
E05000233,Chatham,Hackney,7.761490509,12.16717336,13.81166976,78.32415446
E05000234,Clissold,Hackney,6.111672318,7.269702428,11.77981227,80.9905327
E05000235,Dalston,Hackney,5.943718453,11.81698292,19.95727777,78.39955709
E05000236,De Beauvoir,Hackney,5.650628044,9.358418206,13.04433199,78.79049622
E05000237,Hackney Central,Hackney,6.912436142,10.68746035,13.49573274,77.01591353
E05000238,Hackney Downs,Hackney,7.125397117,10.11913282,14.18156662,78.46954694
E05000239,Haggerston,Hackney,6.791766847,9.425070696,12.28628699,78.48848163
E05000240,Hoxton,Hackney,7.422542604,9.140938902,7.986854366,77.2409895
E05000241,King's Park,Hackney,7.879902655,11.15744236,9.720576272,79.45186379
E05000242,Leabridge,Hackney,5.824504098,9.930807207,12.69473935,77.29169494
E05000243,Lordship,Hackney,6.225253031,6.868763295,8.725288071,79.39207284
E05000244,New River,Hackney,6.725185879,8.603276846,9.707330028,80.66956274
E05000245,Queensbridge,Hackney,7.565815702,11.64870491,17.43516222,77.32685226
E05000246,Springfield,Hackney,7.573039733,9.911936099,7.240165297,81.89904752
E05000247,Stoke Newington Central,Hackney,5.886543483,8.552630884,16.18558156,79.42494195
E05000248,Victoria,Hackney,8.186346536,9.91143143,17.05442776,80.38854083
E05000249,Wick,Hackney,9.505547706,10.94754701,12.73500074,76.3171176
E05000250,Addison,Hammersmith and Fulham,5.261170281,5.420908942,15.22420095,82.82642868
E05000251,Askew,Hammersmith and Fulham,6.798021888,7.333977942,12.53853989,80.21934045
E05000252,Avonmore and Brook Green,Hammersmith and Fulham,4.15775095,4.811966235,7.432729433,80.89273813
E05000253,College Park and Old Oak,Hammersmith and Fulham,6.894619328,7.84976207,5.95321619,79.43053992
E05000254,Fulham Broadway,Hammersmith and Fulham,5.905137227,4.926340824,15.48770374,78.34040493
E05000255,Fulham Reach,Hammersmith and Fulham,4.455418365,4.311939845,7.319110856,81.37299524
E05000256,Hammersmith Broadway,Hammersmith and Fulham,6.581242104,6.491368737,11.43531039,78.33958965
E05000257,Munster,Hammersmith and Fulham,3.536053209,3.220069258,10.79944954,81.68430909
E05000258,North End,Hammersmith and Fulham,5.625095857,4.935735065,10.20774184,80.9264202
E05000259,Palace Riverside,Hammersmith and Fulham,2.457832944,2.539413463,9.165504147,83.46049152
E05000260,Parsons Green and Walham,Hammersmith and Fulham,3.810401616,3.43845134,12.73289673,83.09275597
E05000261,Ravenscourt Park,Hammersmith and Fulham,5.616504327,5.656966465,13.31383877,80.4901864
E05000262,Sands End,Hammersmith and Fulham,5.059779154,5.243625363,7.188645651,80.10026628
E05000263,Shepherd's Bush Green,Hammersmith and Fulham,7.561481969,7.450781177,14.86851743,78.65629152
E05000264,Town,Hammersmith and Fulham,3.86817121,4.158007154,14.6530772,81.18224391
E05000265,Wormholt and White City,Hammersmith and Fulham,7.820188087,8.841826517,10.3039646,80.61944159
E05000266,Alexandra,Haringey,2.725876605,3.996695536,10.30151149,82.08573416
E05000267,Bounds Green,Haringey,5.711905966,7.029194746,11.35181574,78.61457506
E05000268,Bruce Grove,Haringey,7.094393607,12.29112298,13.1504089,80.11856192
E05000269,Crouch End,Haringey,2.976060131,3.792284483,13.04163313,81.30928845
E05000270,Fortis Green,Haringey,3.063172285,3.651392737,9.914468577,81.98536057
E05000271,Harringay,Haringey,5.602420631,8.612689573,14.40913444,81.38135006
E05000272,Highgate,Haringey,2.714754829,4.060393016,10.06186393,82.4775787
E05000273,Hornsey,Haringey,6.337823401,8.019205407,10.98844982,79.08387645
E05000274,Muswell Hill,Haringey,2.90215157,3.573938951,12.83540248,81.47377894
E05000275,Noel Park,Haringey,7.717510728,11.0815279,20.75542315,80.51076431
E05000276,Northumberland Park,Haringey,9.848218022,17.54629806,13.24563652,78.54674958
E05000277,St Ann's,Haringey,6.931990628,8.46929242,10.12261124,78.6550192
E05000278,Seven Sisters,Haringey,6.186434477,9.427127973,11.09903821,78.69032214
E05000279,Stroud Green,Haringey,5.413344051,6.262198601,10.70068761,81.3081003
E05000280,Tottenham Green,Haringey,7.605646369,10.22310915,15.77419548,78.18303365
E05000281,Tottenham Hale,Haringey,7.142904348,12.23185053,12.84743836,78.90702981
E05000282,West Green,Haringey,7.539447786,10.60054923,11.93834325,80.97455589
E05000283,White Hart Lane,Haringey,8.953531482,11.30175919,11.02823481,77.17733512
E05000284,Woodside,Haringey,6.664661399,9.006730126,8.465348772,80.13442569
E05000285,Belmont,Harrow,3.002297579,3.239590416,6.979092834,82.81410235
E05000286,Canons,Harrow,2.923840161,2.995894308,6.134238608,83.99348926
E05000287,Edgware,Harrow,4.101451035,5.705977298,8.739417799,82.1103945
E05000288,Greenhill,Harrow,5.247170775,4.560770715,11.69622372,80.43886241
E05000289,Harrow on the Hill,Harrow,3.690656672,3.432596033,7.698163818,81.02832442
E05000290,Harrow Weald,Harrow,5.11114651,4.232405779,7.995139842,82.34278201
E05000291,Hatch End,Harrow,3.087796739,2.960139026,6.522791472,83.14057364
E05000292,Headstone North,Harrow,2.400354248,2.886496421,6.390423138,83.23461324
E05000293,Headstone South,Harrow,3.358991866,4.319333004,6.910091056,83.90723091
E05000294,Kenton East,Harrow,4.556482893,4.266583795,6.558889091,81.65014982
E05000295,Kenton West,Harrow,3.099723247,3.532209539,6.414379352,84.2114248
E05000296,Marlborough,Harrow,4.367017328,5.473187488,7.589394008,81.64491166
E05000297,Pinner,Harrow,3.957044117,2.606035334,7.755065968,83.08695995
E05000298,Pinner South,Harrow,2.466252669,3.040645622,5.931015237,85.01988526
E05000299,Queensbury,Harrow,3.542295521,4.584041745,7.805925121,81.66745432
E05000300,Rayners Lane,Harrow,2.6728547,3.484333856,6.596504676,83.55675089
E05000301,Roxbourne,Harrow,5.841990583,6.091764097,8.234832722,81.38188249
E05000302,Roxeth,Harrow,3.439876911,4.734691812,10.54259646,82.62058753
E05000303,Stanmore Park,Harrow,4.937652059,3.152020806,7.605850279,82.5446775
E05000304,Wealdstone,Harrow,5.150905881,5.803497395,8.86751535,78.3046415
E05000305,West Harrow,Harrow,4.024878914,4.895967244,6.135425381,82.20986945
E05000306,Brooklands,Havering,4.206706,5.17979826,6.720552488,77.98473496
E05000307,Cranham,Havering,2.91181539,2.913336455,4.106909175,82.51860588
E05000308,Elm Park,Havering,3.930949976,4.761087525,6.464260299,81.27584232
E05000309,Emerson Park,Havering,2.887771975,3.029687665,5.384914225,82.46909765
E05000310,Gooshays,Havering,9.222620724,8.713485755,11.16233037,78.77782841
E05000311,Hacton,Havering,3.007218458,4.217455725,5.422101186,81.32606929
E05000312,Harold Wood,Havering,5.463657331,5.01089618,7.221792529,81.27581857
E05000313,Havering Park,Havering,5.796403508,5.920810946,6.318240019,78.21938599
E05000314,Heaton,Havering,8.620841147,7.769491783,8.621772635,80.28751606
E05000315,Hylands,Havering,3.195357267,3.724831996,7.817956098,81.69775009
E05000316,Mawneys,Havering,4.125367965,4.710795216,7.592750176,82.19701571
E05000317,Pettits,Havering,3.424420013,3.479184711,7.108252837,81.67950847
E05000318,Rainham and Wennington,Havering,4.751071809,4.989969705,8.044572275,80.56650161
E05000319,Romford Town,Havering,4.685473248,5.311035288,16.33098259,80.08186526
E05000320,St Andrew's,Havering,3.625264489,4.921044704,8.135994999,81.12752885
E05000321,South Hornchurch,Havering,5.809757247,6.414492273,7.82997254,79.20689811
E05000322,Squirrel's Heath,Havering,3.126413975,3.594200355,6.528148325,82.40069952
E05000323,Upminster,Havering,2.049879329,2.361225977,6.205634603,80.91213712
E05000324,Barnhill,Hillingdon,4.630825216,6.62040144,14.23832806,79.25125828
E05000325,Botwell,Hillingdon,5.371540032,7.773516416,6.95842444,78.43886238
E05000326,Brunel,Hillingdon,3.922375523,3.915301739,9.188972983,80.02938007
E05000327,Cavendish,Hillingdon,2.916042144,3.19911573,6.376068801,82.48654124
E05000328,Charville,Hillingdon,3.665366264,5.276967717,8.231052967,80.05351312
E05000329,Eastcote and East Ruislip,Hillingdon,2.263800859,2.486551132,7.503621547,83.81268159
E05000330,Harefield,Hillingdon,5.108471286,4.768432403,5.94135415,79.59679985
E05000331,Heathrow Villages,Hillingdon,3.39124531,4.033931209,7.762323037,80.22493632
E05000332,Hillingdon East,Hillingdon,3.693199845,4.741207997,8.691036542,79.27530526
E05000333,Ickenham,Hillingdon,2.206853107,2.366970462,5.882320863,83.49467398
E05000334,Manor,Hillingdon,2.125203809,3.394407667,8.085301958,81.422739
E05000335,Northwood,Hillingdon,3.860375169,2.171771043,6.230503826,83.36473372
E05000336,Northwood Hills,Hillingdon,4.249264631,2.758099683,7.037611345,83.24275615
E05000337,Pinkwell,Hillingdon,4.625442476,6.706022601,11.90087165,80.05489722
E05000338,South Ruislip,Hillingdon,3.401454377,3.834976757,8.561977088,80.566474
E05000339,Townfield,Hillingdon,5.514890482,8.724648971,13.7259529,78.22399981
E05000340,Uxbridge North,Hillingdon,3.700390679,3.341411042,10.88901916,80.79159909
E05000341,Uxbridge South,Hillingdon,4.07920519,5.492542925,8.152959046,79.35594148
E05000342,West Drayton,Hillingdon,5.526789425,6.269865628,11.08889628,78.54891213
E05000343,West Ruislip,Hillingdon,2.758693876,3.118052119,9.974408958,82.3795436
E05000344,Yeading,Hillingdon,5.593949993,6.026599445,15.59495147,81.22845128
E05000345,Yiewsley,Hillingdon,5.406075211,6.465792747,9.674442951,78.21934665
E05000346,Bedfont,Hounslow,4.572613151,5.881045457,7.441103585,79.75619317
E05000347,Brentford,Hounslow,5.511716584,4.219963278,6.265502709,80.6905684
E05000348,Chiswick Homefields,Hounslow,3.020509325,3.37611014,10.55560594,80.70021671
E05000349,Chiswick Riverside,Hounslow,3.67038993,2.79113609,9.055799729,82.15733009
E05000350,Cranford,Hounslow,5.807113275,6.235570637,9.164433215,79.64279391
E05000351,Feltham North,Hounslow,4.763160789,5.329785023,7.103040817,76.79719701
E05000352,Feltham West,Hounslow,4.209613889,5.205745758,10.81785478,79.44591113
E05000353,Hanworth,Hounslow,6.393200631,5.474400777,12.18601665,80.42365761
E05000354,Hanworth Park,Hounslow,4.354539254,4.726748573,9.008611843,79.10846977
E05000355,Heston Central,Hounslow,5.070730073,5.094904335,11.24473199,78.95417365
E05000356,Heston East,Hounslow,4.368882421,4.791076035,9.468746377,84.32225413
E05000357,Heston West,Hounslow,5.942628093,6.472665674,10.49737285,81.09977453
E05000358,Hounslow Central,Hounslow,3.885107771,4.051198412,17.50203402,82.07295329
E05000359,Hounslow Heath,Hounslow,4.782028025,5.435281938,11.07370425,80.9785258
E05000360,Hounslow South,Hounslow,2.796550147,3.857958341,8.184695226,83.01038281
E05000361,Hounslow West,Hounslow,4.598946416,4.596000434,12.53757458,78.49278618
E05000362,Isleworth,Hounslow,6.503639657,4.771947182,8.416086168,77.66650668
E05000363,Osterley and Spring Grove,Hounslow,2.725800078,3.966083956,6.48141955,81.5276354
E05000364,Syon,Hounslow,5.467403919,4.972685606,8.30819789,76.51121536
E05000365,Turnham Green,Hounslow,3.544310735,2.882361041,6.790786644,82.33143319
E05000366,Barnsbury,Islington,6.489767637,5.620986389,16.4497374,78.69915495
E05000367,Bunhill,Islington,5.984861722,7.477604582,4.735632841,78.44750794
E05000368,Caledonian,Islington,7.412893955,6.944801389,9.598572396,78.63062226
E05000369,Canonbury,Islington,8.367830405,7.166419551,13.94412864,79.34883401
E05000370,Clerkenwell,Islington,6.970628274,6.189995767,7.067931061,81.18797478
E05000371,Finsbury Park,Islington,8.184899607,10.20841392,20.6832449,76.71361088
E05000372,Highbury East,Islington,5.548897843,5.033998559,11.71560014,78.48202015
E05000373,Highbury West,Islington,5.756982585,6.71045533,7.828928227,79.59663352
E05000374,Hillrise,Islington,8.190751797,8.583344188,10.9602256,78.14718485
E05000375,Holloway,Islington,8.45236794,7.691162298,12.48878355,78.10406072
E05000376,Junction,Islington,8.306276713,7.879812774,11.71813351,78.61092516
E05000377,Mildmay,Islington,7.830134141,8.114510376,13.62588698,79.00146268
E05000378,St George's,Islington,7.755626367,7.658775651,14.33757449,77.74187801
E05000379,St Mary's,Islington,7.240714591,6.396831802,21.36321876,78.52209305
E05000380,St Peter's,Islington,7.272438261,5.449488708,15.49669012,77.8318563
E05000381,Tollington,Islington,8.926114792,8.855174947,14.61931149,77.28825617
E05000382,Abingdon,R B of Kensington and Chelsea,3.491390331,3.027896153,8.237589843,84.93493713
E05000383,Brompton,R B of Kensington and Chelsea,1.914033766,1.609400901,9.168435571,85.40654076
E05000384,Campden,R B of Kensington and Chelsea,1.862780273,1.444013392,9.181487601,87.33384993
E05000385,Colville,R B of Kensington and Chelsea,7.1092987,7.073324938,20.49018402,80.95563346
E05000386,Courtfield,R B of Kensington and Chelsea,2.31051031,2.615364164,10.89014292,86.64607136
E05000387,Cremorne,R B of Kensington and Chelsea,8.791742688,4.603879566,8.443082232,84.38179006
E05000388,Earl's Court,R B of Kensington and Chelsea,6.4625953,4.655353358,12.75765002,83.73244897
E05000389,Golborne,R B of Kensington and Chelsea,12.31713964,11.04207561,14.44634214,83.43923559
E05000390,Hans Town,R B of Kensington and Chelsea,3.10793229,1.852472916,7.633144767,88.49905901
E05000391,Holland,R B of Kensington and Chelsea,2.968706607,3.085111305,9.910763371,86.49717732
E05000392,Norland,R B of Kensington and Chelsea,6.275515832,4.489788161,8.444457295,84.12001256
E05000393,Notting Barns,R B of Kensington and Chelsea,9.432664078,8.76110894,11.43125097,79.57189263
E05000394,Pembridge,R B of Kensington and Chelsea,2.744830756,2.518615426,20.6177728,83.88940398
E05000395,Queen's Gate,R B of Kensington and Chelsea,0.868996498,1.45481199,7.347214208,88.4643391
E05000396,Redcliffe,R B of Kensington and Chelsea,4.016601672,3.728347874,10.65971343,84.58208088
E05000397,Royal Hospital,R B of Kensington and Chelsea,2.759360045,1.520274037,9.089151386,82.84598575
E05000398,St Charles,R B of Kensington and Chelsea,11.06232147,7.748906621,10.59822895,79.18696243
E05000399,Stanley,R B of Kensington and Chelsea,2.61451368,1.647957354,5.819393546,81.51506647
E05000400,Alexandra,R B of Kingston upon Thames,2.443693349,2.906292018,5.374669641,82.59862463
E05000401,Berrylands,R B of Kingston upon Thames,3.75163426,2.892565838,5.518787384,80.29200256
E05000402,Beverley,R B of Kingston upon Thames,3.937028476,3.131878861,7.803402843,79.40005799
E05000403,Canbury,R B of Kingston upon Thames,3.086405595,2.602008606,6.810924809,81.48660209
E05000404,Chessington North and Hook,R B of Kingston upon Thames,3.640455167,3.751177802,5.700193876,82.39467619
E05000405,Chessington South,R B of Kingston upon Thames,3.103938956,3.260083465,5.194559006,83.01949516
E05000406,Coombe Hill,R B of Kingston upon Thames,1.879014828,3.005355263,4.401699674,81.66617358
E05000407,Coombe Vale,R B of Kingston upon Thames,2.141791425,2.603712323,4.587176164,83.20331711
E05000408,Grove,R B of Kingston upon Thames,3.16549948,3.060116187,14.59158602,82.99868617
E05000409,Norbiton,R B of Kingston upon Thames,5.132551596,5.407160031,8.833056003,78.0225803
E05000410,Old Malden,R B of Kingston upon Thames,2.820093151,2.881693238,4.918065721,84.23856296
E05000411,St James,R B of Kingston upon Thames,2.779048213,2.833334368,5.934727108,80.81285567
E05000412,St Mark's,R B of Kingston upon Thames,2.350388065,3.723678715,7.59929696,81.17432984
E05000413,Surbiton Hill,R B of Kingston upon Thames,2.968577956,2.868072915,5.318012494,80.37988396
E05000414,Tolworth and Hook Rise,R B of Kingston upon Thames,3.08533288,3.36876658,5.947522205,83.343281
E05000415,Tudor,R B of Kingston upon Thames,2.1169149,2.643408581,6.013379508,84.94582991
E05000416,Bishop's,Lambeth,5.297819377,5.691406516,6.434905744,78.73939693
E05000417,Brixton Hill,Lambeth,5.2885131,7.606413656,12.22449737,77.1043421
E05000418,Clapham Common,Lambeth,3.774421531,3.979091967,12.43849267,78.17661299
E05000419,Clapham Town,Lambeth,5.348430286,4.565256056,24.20112142,76.06944518
E05000420,Coldharbour,Lambeth,7.252188874,12.79379455,20.78457323,79.19102478
E05000421,Ferndale,Lambeth,5.909158692,6.595403828,24.21231205,79.32233078
E05000422,Gipsy Hill,Lambeth,6.590146149,6.470711478,12.6555572,79.27008704
E05000423,Herne Hill,Lambeth,5.517509676,8.21494228,9.428072772,79.96783197
E05000424,Knight's Hill,Lambeth,6.064669636,7.732324108,11.79607955,75.1712515
E05000425,Larkhall,Lambeth,5.416466199,6.884514032,13.64302996,77.90802079
E05000426,Oval,Lambeth,5.273196545,5.562264373,11.98876365,77.55634542
E05000427,Prince's,Lambeth,6.664645789,7.805642517,8.770622624,78.53943615
E05000428,St Leonard's,Lambeth,4.754331828,6.531510074,17.44755252,78.10545851
E05000429,Stockwell,Lambeth,5.474180026,8.259485304,13.23895364,79.51927137
E05000430,Streatham Hill,Lambeth,5.076524991,6.33034157,13.46743142,78.24831445
E05000431,Streatham South,Lambeth,4.907455429,6.008902181,9.895530365,80.30353911
E05000432,Streatham Wells,Lambeth,4.342004866,5.991050681,10.05810362,78.25913741
E05000433,Thornton,Lambeth,4.573859384,5.666099621,11.96578667,79.85488519
E05000434,Thurlow Park,Lambeth,4.789907126,4.769743797,11.85855194,80.96483396
E05000435,Tulse Hill,Lambeth,5.731883719,9.655597635,13.70259523,78.9005825
E05000436,Vassall,Lambeth,7.305418984,9.142801831,15.17201097,78.2576064
E05000437,Bellingham,Lewisham,7.52805296,8.389488782,13.42640939,77.37868221
E05000438,Blackheath,Lewisham,4.770187446,4.566060719,13.32271071,79.94336116
E05000439,Brockley,Lewisham,5.480943644,7.319315237,15.34373429,79.28979745
E05000440,Catford South,Lewisham,4.270627024,5.428908563,9.236527056,80.3824085
E05000441,Crofton Park,Lewisham,4.92653234,5.727856328,9.569539187,82.02342871
E05000442,Downham,Lewisham,7.731753389,7.749055755,15.10567588,78.25833214
E05000443,Evelyn,Lewisham,6.261315996,8.760035749,12.6290281,78.40544652
E05000444,Forest Hill,Lewisham,4.911117995,5.838916203,11.77892976,78.62223461
E05000445,Grove Park,Lewisham,6.092318186,5.822329658,9.898708399,79.84777364
E05000446,Ladywell,Lewisham,4.677831407,5.519528535,12.18638673,79.13165347
E05000447,Lee Green,Lewisham,4.67853024,5.633101998,12.1430806,80.78117955
E05000448,Lewisham Central,Lewisham,5.842429266,6.856292359,19.34584545,75.74730536
E05000449,New Cross,Lewisham,5.754800927,8.315791418,18.25137332,75.45504097
E05000450,Perry Vale,Lewisham,5.34139242,6.859634383,11.74663682,79.23852603
E05000451,Rushey Green,Lewisham,7.545828518,7.439020058,14.6612725,77.79108427
E05000452,Sydenham,Lewisham,6.334141436,6.977821347,11.19523342,77.84971122
E05000453,Telegraph Hill,Lewisham,5.800912251,7.251065731,11.90331809,80.556728
E05000454,Whitefoot,Lewisham,6.261500283,6.966442328,12.92910867,79.49992975
E05000455,Abbey,Merton,2.661467908,2.486353522,8.16342924,80.21042302
E05000456,Cannon Hill,Merton,2.522453856,2.863405728,5.967808072,81.92581944
E05000457,Colliers Wood,Merton,3.16626938,3.249866339,12.90990478,80.98876596
E05000458,Cricket Green,Merton,6.547248721,7.725277835,9.608373157,80.10341425
E05000459,Dundonald,Merton,1.60337633,1.758448045,8.314974243,83.69001982
E05000460,Figge's Marsh,Merton,5.759500325,6.949960388,12.92594879,78.31584631
E05000461,Graveney,Merton,2.961904769,5.472446126,9.246566735,81.75553411
E05000462,Hillside,Merton,2.057183864,1.891660914,5.542958367,86.20924636
E05000463,Lavender Fields,Merton,4.169483581,4.806206573,10.14910621,80.10471057
E05000464,Longthornton,Merton,3.655767665,5.49524296,9.210723307,80.84476689
E05000465,Lower Morden,Merton,2.971574483,3.380736574,5.132653061,81.51574951
E05000466,Merton Park,Merton,1.994049853,2.28013721,6.438211362,85.10397002
E05000467,Pollards Hill,Merton,4.66041816,6.538923878,11.75240392,81.47050189
E05000468,Ravensbury,Merton,5.823802262,5.104488765,11.21843218,78.15118138
E05000469,Raynes Park,Merton,2.839888214,2.666278746,5.924025613,80.60608295
E05000470,St Helier,Merton,5.518553381,4.865207892,8.99747947,79.20714253
E05000471,Trinity,Merton,3.188543241,3.200468658,12.52160259,81.81503682
E05000472,Village,Merton,1.028019024,1.289808604,6.443142153,83.55733233
E05000473,West Barnes,Merton,1.993228193,3.001158352,6.177245796,82.55911073
E05000474,Wimbledon Park,Merton,2.196047238,2.265459006,6.493818245,83.28660614
E05000475,Beckton,Newham,6.536891816,6.782866535,11.90746687,81.53120993
E05000476,Boleyn,Newham,5.6143839,8.983259219,11.53016085,79.36450641
E05000477,Canning Town North,Newham,8.522034371,13.35727114,12.31796135,76.42118663
E05000478,Canning Town South,Newham,5.534958444,8.638184777,14.44514893,77.56760137
E05000479,Custom House,Newham,6.994280551,9.536573807,19.4938276,74.58681323
E05000480,East Ham Central,Newham,4.497892341,7.940909199,15.91755468,79.87950945
E05000481,East Ham North,Newham,4.827999481,8.666517044,8.210538261,76.20317529
E05000482,East Ham South,Newham,5.794963422,8.877819064,10.20245241,77.83617805
E05000483,Forest Gate North,Newham,5.208178555,8.751151434,11.77657708,77.49284924
E05000484,Forest Gate South,Newham,5.691131265,10.09113024,15.27464549,76.84371108
E05000485,Green Street East,Newham,4.715972152,8.786668749,10.19188941,81.45115426
E05000486,Green Street West,Newham,4.671566984,9.27002889,9.883950443,80.47608664
E05000487,Little Ilford,Newham,5.942216402,10.60623984,10.72555702,76.22729321
E05000488,Manor Park,Newham,5.384815675,10.681707,12.1659639,77.0863293
E05000489,Plaistow North,Newham,6.379057718,10.60432177,10.82778175,78.06119316
E05000490,Plaistow South,Newham,5.269622721,8.573629252,10.54580258,77.82145325
E05000491,Royal Docks,Newham,4.385344369,7.003078634,11.17731322,79.03404632
E05000492,Stratford and New Town,Newham,4.409892817,7.158942063,17.06224548,78.46272727
E05000493,Wall End,Newham,4.965109979,7.928344072,8.86861895,79.65531095
E05000494,West Ham,Newham,5.846921241,10.22199042,12.09221079,79.14356359
E05000495,Aldborough,Redbridge,4.767193425,5.807385083,10.6650413,79.42459202
E05000496,Barkingside,Redbridge,3.528226064,5.225919695,9.965002171,83.83510122
E05000497,Bridge,Redbridge,4.533601653,4.606475715,8.44979399,82.35345409
E05000498,Chadwell,Redbridge,4.098093819,6.192469333,8.75596122,79.67132357
E05000499,Church End,Redbridge,2.457592975,3.702788438,10.79265405,82.62265346
E05000500,Clayhall,Redbridge,2.969673238,4.264142643,7.946365561,83.87184172
E05000501,Clementswood,Redbridge,5.217607357,9.099404797,15.13175404,79.5443419
E05000502,Cranbrook,Redbridge,4.395408085,5.278497419,10.91338761,80.03339112
E05000503,Fairlop,Redbridge,4.678696384,4.967458908,9.681882493,81.21054829
E05000504,Fullwell,Redbridge,5.366487116,5.985485081,9.667562771,81.70608
E05000505,Goodmayes,Redbridge,5.324783428,7.178298124,10.67715753,80.0052905
E05000506,Hainault,Redbridge,8.384701504,6.491999186,9.135126295,80.3403334
E05000507,Loxford,Redbridge,5.219024181,9.124416796,11.76796159,76.20950783
E05000508,Mayfield,Redbridge,4.130410508,5.801189077,8.809374287,80.12758436
E05000509,Monkhams,Redbridge,2.508956541,2.370603302,7.185115524,81.77617026
E05000510,Newbury,Redbridge,4.234286005,6.799565146,9.064747317,81.68054262
E05000511,Roding,Redbridge,3.557514753,5.102909652,8.959751913,81.77974564
E05000512,Seven Kings,Redbridge,4.933102737,7.655449155,9.030123139,79.58670661
E05000513,Snaresbrook,Redbridge,3.540953891,3.700085898,8.601907811,81.21340038
E05000514,Valentines,Redbridge,5.982391167,8.528474897,16.01430111,80.09521141
E05000515,Wanstead,Redbridge,3.604639108,3.51135042,14.2538793,81.02390299
E05000516,Barnes,Richmond upon Thames,2.62195647,2.644818087,7.232102235,85.03054871
E05000517,East Sheen,Richmond upon Thames,1.762244935,2.320564498,6.673676929,85.13790479
E05000518,Fulwell and Hampton Hill,Richmond upon Thames,2.84096843,2.428183318,5.119196541,81.7568414
E05000519,"Ham, Petersham and Richmond Riverside",Richmond upon Thames,3.814423944,3.661965137,7.413972135,81.48924929
E05000520,Hampton,Richmond upon Thames,2.729659067,2.80730747,6.11963393,83.20697348
E05000521,Hampton North,Richmond upon Thames,5.171263015,3.905774544,8.056134696,82.92123799
E05000522,Hampton Wick,Richmond upon Thames,3.607726075,2.294736221,7.105251377,82.04510252
E05000523,Heathfield,Richmond upon Thames,4.619438354,4.529189513,7.320729965,81.50550664
E05000524,Kew,Richmond upon Thames,2.528057689,2.077775308,6.18660981,83.00007765
E05000525,Mortlake and Barnes Common,Richmond upon Thames,3.526102825,2.907725897,6.429125322,82.33531015
E05000526,North Richmond,Richmond upon Thames,3.342448881,3.145534959,7.46871219,83.85951103
E05000527,St Margarets and North Twickenham,Richmond upon Thames,1.846518511,2.281580902,6.34331628,83.53249614
E05000528,South Richmond,Richmond upon Thames,2.456244727,2.358389424,10.56960729,83.08624648
E05000529,South Twickenham,Richmond upon Thames,2.216573695,2.48398857,4.615059835,82.94061003
E05000530,Teddington,Richmond upon Thames,2.091522524,2.574033335,5.644597845,82.63614139
E05000531,Twickenham Riverside,Richmond upon Thames,1.989419069,2.222604281,7.436184895,80.75406236
E05000532,West Twickenham,Richmond upon Thames,2.943601146,3.03081132,7.18180737,81.94736882
E05000533,Whitton,Richmond upon Thames,3.047395313,3.162615346,7.918561179,82.21970916
E05000534,Brunswick Park,Southwark,6.881507432,9.994749864,11.70322051,79.1537986
E05000535,Camberwell Green,Southwark,7.89695358,10.66789479,16.06135726,75.90976302
E05000536,Cathedrals,Southwark,5.959850081,6.683347765,5.274607953,80.75045554
E05000537,Chaucer,Southwark,4.358329667,5.974057824,9.772492215,84.71049146
E05000538,College,Southwark,5.903905251,5.27317654,12.0315787,82.45467222
E05000539,East Dulwich,Southwark,4.751277031,4.451394583,11.13648961,80.74708365
E05000540,East Walworth,Southwark,7.797493874,7.810411625,23.58761648,76.85500006
E05000541,Faraday,Southwark,6.541002618,9.81501169,15.87260848,79.98034269
E05000542,Grange,Southwark,6.00575205,6.429941967,9.940290556,76.95401518
E05000543,Livesey,Southwark,8.021884139,10.9591352,19.31697665,79.95170156
E05000544,Newington,Southwark,7.157999175,8.659480398,14.98661162,78.68738247
E05000545,Nunhead,Southwark,9.406269405,10.47766828,16.71494561,76.34789938
E05000546,Peckham,Southwark,7.446553819,11.5049816,17.63187818,77.31677186
E05000547,Peckham Rye,Southwark,5.488993741,5.379528794,12.32151973,80.66290142
E05000548,Riverside,Southwark,4.418829368,5.1832757,5.255930627,78.87407866
E05000549,Rotherhithe,Southwark,5.133543083,5.35302091,13.89326646,79.14950473
E05000550,South Bermondsey,Southwark,6.724111592,7.427031151,13.32986825,78.71054129
E05000551,South Camberwell,Southwark,4.551479083,5.670592158,10.70359908,80.41346676
E05000552,Surrey Docks,Southwark,3.3074735,4.211942534,12.38423863,79.33301855
E05000553,The Lane,Southwark,6.516911584,8.189144129,20.59893429,78.40812238
E05000554,Village,Southwark,2.778826959,3.236255892,10.97446498,82.07904108
E05000555,Beddington North,Sutton,3.018412655,3.799187987,5.82857764,81.91548007
E05000556,Beddington South,Sutton,6.025708293,5.564495274,9.447858901,79.49287381
E05000557,Belmont,Sutton,3.755858993,2.49740632,4.149813373,82.35419791
E05000558,Carshalton Central,Sutton,3.131800071,3.548166679,8.563730036,82.40686145
E05000559,Carshalton South and Clockhouse,Sutton,3.203060972,2.564336356,6.691147664,81.43597931
E05000560,Cheam,Sutton,2.259871465,2.46397495,4.937229913,82.56798878
E05000561,Nonsuch,Sutton,1.923037235,2.211619993,6.724354151,84.22210688
E05000562,St Helier,Sutton,6.638701672,6.172169417,7.994934696,78.73599619
E05000563,Stonecot,Sutton,2.812159216,3.110857894,7.322996433,81.76353161
E05000564,Sutton Central,Sutton,5.441913696,4.819251187,13.58823397,79.06120701
E05000565,Sutton North,Sutton,3.146110224,3.768412637,9.10407064,80.24159352
E05000566,Sutton South,Sutton,4.127127688,3.31265814,4.958176297,79.66011818
E05000567,Sutton West,Sutton,2.794541858,2.99126925,6.747969718,80.89845687
E05000568,The Wrythe,Sutton,3.735022945,4.931797742,9.955737332,81.29117431
E05000569,Wallington North,Sutton,4.283199418,3.686384993,8.035122115,80.5855172
E05000570,Wallington South,Sutton,4.984682088,3.333486535,9.037954083,80.1474351
E05000571,Wandle Valley,Sutton,5.715150655,6.66882036,9.968493151,79.63242196
E05000572,Worcester Park,Sutton,2.542260148,2.712870035,6.120650626,82.55208061
E05000573,Bethnal Green North,Tower Hamlets,7.263929505,11.94486605,13.10243713,76.30872481
E05000574,Bethnal Green South,Tower Hamlets,6.902282412,10.89671874,15.90925338,78.06615081
E05000575,Blackwall and Cubitt Town,Tower Hamlets,4.42758425,4.643508879,5.959431376,79.22920015
E05000576,Bow East,Tower Hamlets,6.296290278,10.00603172,12.75422177,76.21896854
E05000577,Bow West,Tower Hamlets,5.821993734,9.244004555,18.91534599,78.58429857
E05000578,Bromley-by-Bow,Tower Hamlets,7.145083683,12.85374598,8.505068977,79.89101169
E05000579,East India and Lansbury,Tower Hamlets,9.237715156,16.23286791,11.41391188,77.54646216
E05000580,Limehouse,Tower Hamlets,6.049332834,9.995543454,9.918576836,76.62478898
E05000581,Mile End and Globe Town,Tower Hamlets,5.717973176,8.719901077,9.014942553,78.52809124
E05000582,Mile End East,Tower Hamlets,6.511160981,12.59305281,10.64014447,76.26261476
E05000583,Millwall,Tower Hamlets,2.916547073,4.789325004,1.64552638,83.13493915
E05000584,St Dunstan's and Stepney Green,Tower Hamlets,7.140786646,14.42272611,9.311020059,76.65418409
E05000585,St Katharine's and Wapping,Tower Hamlets,4.479118464,5.430797276,5.282852435,80.02506948
E05000586,Shadwell,Tower Hamlets,6.061833158,12.12793191,8.250370788,78.07664852
E05000587,Spitalfields and Banglatown,Tower Hamlets,6.735745107,15.7724578,9.560651109,78.1952678
E05000588,Weavers,Tower Hamlets,7.322470206,11.23392155,19.16796587,77.25534113
E05000589,Whitechapel,Tower Hamlets,4.890593577,10.83392815,7.380385178,77.25901171
E05000590,Cann Hall,Waltham Forest,5.704353718,9.362607032,10.7127399,77.64589573
E05000591,Cathall,Waltham Forest,6.410132453,10.71047376,11.94702673,78.38776045
E05000592,Chapel End,Waltham Forest,3.785340061,6.473996494,10.40301931,81.59304042
E05000593,Chingford Green,Waltham Forest,4.075709314,5.008560399,10.83986321,80.43563029
E05000594,Endlebury,Waltham Forest,4.581703974,4.681982898,10.28300431,82.65293692
E05000595,Forest,Waltham Forest,5.110445441,7.563596446,11.23989361,79.56489929
E05000596,Grove Green,Waltham Forest,3.161653668,8.003039139,10.68288462,79.33206876
E05000597,Hale End and Highams Park,Waltham Forest,4.773090697,6.75588478,9.527749246,82.50064058
E05000598,Hatch Lane,Waltham Forest,6.381863932,6.911038318,8.642901729,79.81147608
E05000599,High Street,Waltham Forest,4.559658807,8.019921685,27.15467752,79.53585209
E05000600,Higham Hill,Waltham Forest,6.098653498,9.614784659,9.549824292,79.12659363
E05000601,Hoe Street,Waltham Forest,5.588540376,10.04538571,13.74089031,78.71094582
E05000602,Larkswood,Waltham Forest,5.84150409,5.675088956,12.26209239,79.92765419
E05000603,Lea Bridge,Waltham Forest,4.690699446,10.41374509,13.4724486,76.15688978
E05000604,Leyton,Waltham Forest,5.89693233,10.7504445,15.64779247,78.23902952
E05000605,Leytonstone,Waltham Forest,4.87487867,6.964967371,14.02835101,78.75589503
E05000606,Markhouse,Waltham Forest,5.335255091,10.29956072,12.15922189,77.67965089
E05000607,Valley,Waltham Forest,5.194152521,7.915955665,14.89548871,79.81881738
E05000608,William Morris,Waltham Forest,4.675656864,8.557104212,10.71710786,79.00520114
E05000609,Wood Street,Waltham Forest,6.360848403,9.270103529,11.90425971,78.89770109
E05000610,Balham,Wandsworth,2.696128984,3.177116365,13.39312386,82.73544357
E05000611,Bedford,Wandsworth,3.965247595,3.93237515,12.68873096,82.13459468
E05000612,Earlsfield,Wandsworth,3.838250129,3.778864564,9.254559837,79.25250735
E05000613,East Putney,Wandsworth,2.539260097,2.363497412,8.568999697,82.10605132
E05000614,Fairfield,Wandsworth,3.187336271,3.537390053,10.52374313,80.16097874
E05000615,Furzedown,Wandsworth,4.686984367,6.340370591,9.150603297,80.17892175
E05000616,Graveney,Wandsworth,4.299860903,4.929077121,14.49891065,81.07425074
E05000617,Latchmere,Wandsworth,6.738863617,7.526707179,15.09234773,77.6995667
E05000618,Nightingale,Wandsworth,3.602780463,2.972342194,10.66542401,77.48743607
E05000619,Northcote,Wandsworth,2.21825391,2.537925637,14.93450834,81.49802513
E05000620,Queenstown,Wandsworth,4.520510142,5.331194376,8.222718167,79.90576608
E05000621,Roehampton,Wandsworth,7.225186156,8.101485424,8.920294972,78.371184
E05000622,St Mary's Park,Wandsworth,3.589753779,4.085325977,9.236525968,77.12864211
E05000623,Shaftesbury,Wandsworth,3.730980768,3.750837787,13.13093267,79.00787125
E05000624,Southfields,Wandsworth,2.784604007,2.725435238,8.70178141,81.42179914
E05000625,Thamesfield,Wandsworth,1.495842201,1.970086644,12.3995629,82.2742159
E05000626,Tooting,Wandsworth,3.969317469,5.38617754,8.180285796,78.8267036
E05000627,Wandsworth Common,Wandsworth,3.131541802,2.566202991,9.099241633,79.75183133
E05000628,West Hill,Wandsworth,4.52271476,4.079964036,7.077471022,78.80744479
E05000629,West Putney,Wandsworth,4.640496954,4.192974856,8.387803744,79.27405867
E05000630,Abbey Road,Westminster,2.884813234,2.140455618,6.55668345,84.5346364
E05000631,Bayswater,Westminster,5.714361955,3.952841185,13.70914724,83.38052028
E05000632,Bryanston and Dorset Square,Westminster,3.391879229,3.006084104,8.822163,86.18946706
E05000633,Churchill,Westminster,8.226770534,6.469551754,12.44006461,82.80720745
E05000634,Church Street,Westminster,14.13902433,9.884832797,9.609471519,78.33267705
E05000635,Harrow Road,Westminster,9.684159635,9.648139269,13.24490333,77.88337006
E05000636,Hyde Park,Westminster,4.633456286,2.978270296,6.741327287,84.57512652
E05000637,Knightsbridge and Belgravia,Westminster,0.351894529,0.633132889,7.104755344,90.75860686
E05000638,Lancaster Gate,Westminster,3.831077234,3.039537831,19.31719456,83.89423453
E05000639,Little Venice,Westminster,5.588165675,3.731816493,11.99628936,81.77696938
E05000640,Maida Vale,Westminster,5.767807278,3.867161968,10.70221643,83.36807916
E05000641,Marylebone High Street,Westminster,1.963448987,1.422917386,7.682016003,85.38438436
E05000642,Queen's Park,Westminster,11.39974279,12.69336646,12.26163994,77.71430762
E05000643,Regent's Park,Westminster,4.223470097,2.307037963,7.441315089,84.4680055
E05000644,St James's,Westminster,8.093551228,5.692894124,7.784479136,82.84525381
E05000645,Tachbrook,Westminster,4.765489551,2.593079515,8.458925271,83.54412443
E05000646,Vincent Square,Westminster,7.318424472,3.964982164,4.275317448,83.13983471
E05000647,Warwick,Westminster,5.369452325,3.13088178,6.603386705,83.41810302
E05000648,Westbourne,Westminster,12.07103147,8.565057253,11.98238929,77.50165597
E05000649,West End,Westminster,5.108004409,3.256837611,11.71103995,85.43744418
